Workbook

Sheet Risk Register
A1: Blue Ridge Family Health Clinic — Information Security Risk Register
A2: Methodology: NIST SP 800-30 Rev.1 qualitative risk assessment (5x5 Likelihood x Impact matrix) | Prepared: July 2026 | Classification: Internal Use Only
A4: ID | B4: Risk Description | C4: Category | D4: Threat Source | E4: Vulnerability | F4: Likelihood (1-5) | G4: Impact (1-5) | H4: Risk Score (L x I) | I4: Risk Level | J4: Existing Controls | K4: Recommended Treatment | L4: Risk Owner | M4: Target Date | N4: Status
A5: R-01 | B5: Phishing email leads to compromised staff O365 credentials | C5: Technical | D5: External attacker | E5: Limited phishing/security awareness training for clinical staff | F5: 4 | G5: 4 | H5: =F5*G5 -> 16 | I5: =IF(H5>=15,"Critical",IF(H5>=10,"High",IF(H5>=5,"Medium","Low"))) -> Critical | J5: Basic email spam filtering; no phishing simulation program | K5: Deploy phishing-resistant MFA on O365; run quarterly simulated phishing campaigns | L5: IT Manager | M5: 2026-09-30 | N5: Open
A6: R-02 | B6: Ransomware encrypts EHR-connected endpoints via compromised workstation | C6: Technical | D6: External attacker / malware | E6: Endpoints lack EDR; inconsistent patch cadence | F6: 3 | G6: 5 | H6: =F6*G6 -> 15 | I6: =IF(H6>=15,"Critical",IF(H6>=10,"High",IF(H6>=5,"Medium","Low"))) -> Critical | J6: Antivirus (signature-based) on workstations; nightly EHR vendor backups | K6: Deploy EDR to all endpoints; enforce automated patch management; test backup restoration quarterly | L6: IT Manager | M6: 2026-10-15 | N6: Open
A7: R-03 | B7: Remote billing staff laptop lost or stolen while unencrypted | C7: Physical/Technical | D7: Theft/loss | E7: Full-disk encryption not enforced on remote laptops | F7: 2 | G7: 4 | H7: =F7*G7 -> 8 | I7: =IF(H7>=15,"Critical",IF(H7>=10,"High",IF(H7>=5,"Medium","Low"))) -> Medium | J7: Laptops issued with standard OS install; no MDM enrollment | K7: Enforce BitLocker/FileVault via MDM; enable remote wipe capability | L7: IT Manager | M7: 2026-09-15 | N7: Open
A8: R-04 | B8: Third-party billing vendor suffers a data breach exposing PHI | C8: Third-Party | D8: Vendor/supply chain | E8: No annual vendor security review; BAA lacks breach-notification SLA | F8: 2 | G8: 5 | H8: =F8*G8 -> 10 | I8: =IF(H8>=15,"Critical",IF(H8>=10,"High",IF(H8>=5,"Medium","Low"))) -> High | J8: Signed Business Associate Agreement (BAA) on file | K8: Require SOC 2 report annually; add 72-hour breach notification clause; add to vendor risk register | L8: Compliance Officer | M8: 2026-11-01 | N8: Open
A9: R-05 | B9: Clinical staff use weak or shared passwords across systems | C9: Administrative | D9: Insider (unintentional) | E9: No enforced password complexity or uniqueness policy | F9: 4 | G9: 3 | H9: =F9*G9 -> 12 | I9: =IF(H9>=15,"Critical",IF(H9>=10,"High",IF(H9>=5,"Medium","Low"))) -> High | J9: Basic 8-character minimum password rule | K9: Enforce password policy via Active Directory GPO; roll out password manager for staff | L9: IT Manager | M9: 2026-08-31 | N9: Open
A10: R-06 | B10: EHR remote access is not protected by multi-factor authentication | C10: Technical | D10: External attacker | E10: Legacy EHR remote portal supports password-only login | F10: 3 | G10: 5 | H10: =F10*G10 -> 15 | I10: =IF(H10>=15,"Critical",IF(H10>=10,"High",IF(H10>=5,"Medium","Low"))) -> Critical | J10: VPN required for remote access; static password login | K10: Enable MFA on VPN and EHR portal immediately; treat as priority remediation | L10: IT Manager | M10: 2026-08-15 | N10: In Progress
A11: R-07 | B11: Outdated/unpatched networked medical devices (BP monitors, scales) | C11: Technical | D11: External attacker / malware | E11: Devices run unsupported firmware; vendor patches applied ad hoc | F11: 3 | G11: 3 | H11: =F11*G11 -> 9 | I11: =IF(H11>=15,"Critical",IF(H11>=10,"High",IF(H11>=5,"Medium","Low"))) -> Medium | J11: Devices isolated on separate VLAN from EHR systems | K11: Establish device inventory and firmware patch schedule with biomedical vendor | L11: Clinical Ops Manager | M11: 2026-12-01 | N11: Open
A12: R-08 | B12: Insufficient security awareness training across all staff roles | C12: Administrative | D12: Insider (unintentional) | E12: Training limited to one-time HIPAA orientation at hire | F12: 4 | G12: 3 | H12: =F12*G12 -> 12 | I12: =IF(H12>=15,"Critical",IF(H12>=10,"High",IF(H12>=5,"Medium","Low"))) -> High | J12: HIPAA training at onboarding only | K12: Implement annual mandatory security awareness training with tracked completion | L12: Compliance Officer | M12: 2026-09-30 | N12: Open
A13: R-09 | B13: No formal, tested incident response plan for security events | C13: Administrative | D13: N/A (process gap) | E13: IR responsibilities undocumented; no defined escalation path | F13: 3 | G13: 4 | H13: =F13*G13 -> 12 | I13: =IF(H13>=15,"Critical",IF(H13>=10,"High",IF(H13>=5,"Medium","Low"))) -> High | J13: Informal verbal escalation to IT Manager | K13: Draft IR plan aligned to NIST SP 800-61; run tabletop exercise within 90 days | L13: Compliance Officer | M13: 2026-10-31 | N13: Open
A14: R-10 | B14: Improper disposal of paper records containing PHI | C14: Physical | D14: Insider (unintentional) | E14: No shredding policy consistently enforced at front-desk stations | F14: 2 | G14: 3 | H14: =F14*G14 -> 6 | I14: =IF(H14>=15,"Critical",IF(H14>=10,"High",IF(H14>=5,"Medium","Low"))) -> Medium | J14: Locked shred bins present in back office only | K14: Add shred bins to all front-desk stations; add disposal step to clean-desk policy | L14: Office Manager | M14: 2026-09-01 | N14: Open
A15: R-11 | B15: Insider unauthorized access to patient records outside job duties | C15: Administrative | D15: Insider (intentional) | E15: EHR access not role-restricted; no access review cadence | F15: 2 | G15: 4 | H15: =F15*G15 -> 8 | I15: =IF(H15>=15,"Critical",IF(H15>=10,"High",IF(H15>=5,"Medium","Low"))) -> Medium | J15: EHR maintains access logs, not actively reviewed | K15: Implement role-based access control; conduct quarterly access reviews and log audits | L15: Compliance Officer | M15: 2026-11-15 | N15: Open
A16: R-12 | B16: Guest Wi-Fi network is not segmented from clinical/EHR network | C16: Technical | D16: External attacker | E16: Flat network architecture; single SSID for guests and staff | F16: 3 | G16: 4 | H16: =F16*G16 -> 12 | I16: =IF(H16>=15,"Critical",IF(H16>=10,"High",IF(H16>=5,"Medium","Low"))) -> High | J16: Guest Wi-Fi password-protected but same VLAN as clinical systems | K16: Segment guest Wi-Fi onto isolated VLAN with no route to clinical network | L16: IT Manager | M16: 2026-08-31 | N16: Open
A17: R-13 | B17: Backup failures or untested disaster recovery leave data unrecoverable | C17: Administrative | D17: N/A (process gap) | E17: Backups run automatically but restoration has never been tested | F17: 2 | G17: 5 | H17: =F17*G17 -> 10 | I17: =IF(H17>=15,"Critical",IF(H17>=10,"High",IF(H17>=5,"Medium","Low"))) -> High | J17: Cloud EHR vendor performs nightly backups per contract | K17: Document DR/BCP plan; perform full restoration test annually; define RTO/RPO | L17: IT Manager | M17: 2026-12-15 | N17: Open
A20: Risk Level Thresholds (Score = Likelihood x Impact):
A21: Low | B21: 1-4
A22: Medium | B22: 5-9
A23: High | B23: 10-14
A24: Critical | B24: 15-25

Sheet 5x5 Heat Map
A1: Likelihood x Impact Heat Map — Risk Count by Cell
A3: Likelihood \ Impact | B3: Impact 1 | C3: Impact 2 | D3: Impact 3 | E3: Impact 4 | F3: Impact 5
A4: Likelihood 5 | B4: =COUNTIFS('Risk Register'!$F$5:$F$17,5,'Risk Register'!$G$5:$G$17,1) -> 0 | C4: =COUNTIFS('Risk Register'!$F$5:$F$17,5,'Risk Register'!$G$5:$G$17,2) -> 0 | D4: =COUNTIFS('Risk Register'!$F$5:$F$17,5,'Risk Register'!$G$5:$G$17,3) -> 0 | E4: =COUNTIFS('Risk Register'!$F$5:$F$17,5,'Risk Register'!$G$5:$G$17,4) -> 0 | F4: =COUNTIFS('Risk Register'!$F$5:$F$17,5,'Risk Register'!$G$5:$G$17,5) -> 0
A5: Likelihood 4 | B5: =COUNTIFS('Risk Register'!$F$5:$F$17,4,'Risk Register'!$G$5:$G$17,1) -> 0 | C5: =COUNTIFS('Risk Register'!$F$5:$F$17,4,'Risk Register'!$G$5:$G$17,2) -> 0 | D5: =COUNTIFS('Risk Register'!$F$5:$F$17,4,'Risk Register'!$G$5:$G$17,3) -> 2 | E5: =COUNTIFS('Risk Register'!$F$5:$F$17,4,'Risk Register'!$G$5:$G$17,4) -> 1 | F5: =COUNTIFS('Risk Register'!$F$5:$F$17,4,'Risk Register'!$G$5:$G$17,5) -> 0
A6: Likelihood 3 | B6: =COUNTIFS('Risk Register'!$F$5:$F$17,3,'Risk Register'!$G$5:$G$17,1) -> 0 | C6: =COUNTIFS('Risk Register'!$F$5:$F$17,3,'Risk Register'!$G$5:$G$17,2) -> 0 | D6: =COUNTIFS('Risk Register'!$F$5:$F$17,3,'Risk Register'!$G$5:$G$17,3) -> 1 | E6: =COUNTIFS('Risk Register'!$F$5:$F$17,3,'Risk Register'!$G$5:$G$17,4) -> 2 | F6: =COUNTIFS('Risk Register'!$F$5:$F$17,3,'Risk Register'!$G$5:$G$17,5) -> 2
A7: Likelihood 2 | B7: =COUNTIFS('Risk Register'!$F$5:$F$17,2,'Risk Register'!$G$5:$G$17,1) -> 0 | C7: =COUNTIFS('Risk Register'!$F$5:$F$17,2,'Risk Register'!$G$5:$G$17,2) -> 0 | D7: =COUNTIFS('Risk Register'!$F$5:$F$17,2,'Risk Register'!$G$5:$G$17,3) -> 1 | E7: =COUNTIFS('Risk Register'!$F$5:$F$17,2,'Risk Register'!$G$5:$G$17,4) -> 2 | F7: =COUNTIFS('Risk Register'!$F$5:$F$17,2,'Risk Register'!$G$5:$G$17,5) -> 2
A8: Likelihood 1 | B8: =COUNTIFS('Risk Register'!$F$5:$F$17,1,'Risk Register'!$G$5:$G$17,1) -> 0 | C8: =COUNTIFS('Risk Register'!$F$5:$F$17,1,'Risk Register'!$G$5:$G$17,2) -> 0 | D8: =COUNTIFS('Risk Register'!$F$5:$F$17,1,'Risk Register'!$G$5:$G$17,3) -> 0 | E8: =COUNTIFS('Risk Register'!$F$5:$F$17,1,'Risk Register'!$G$5:$G$17,4) -> 0 | F8: =COUNTIFS('Risk Register'!$F$5:$F$17,1,'Risk Register'!$G$5:$G$17,5) -> 0
A10: Cell values = count of risks in the register at that Likelihood/Impact combination (auto-updates via COUNTIFS).
